<?xml version="1.0" encoding="UTF-8"?>
<domain-models xmlns="http://axelor.com/xml/ns/domain-models" xmlns:xsi="http://www.w3.org/2001/XMLSchema-instance"
	xsi:schemaLocation="http://axelor.com/xml/ns/domain-models http://axelor.com/xml/ns/domain-models/domain-models_5.1.xsd">

	<module package="com.axelor.event.registration.db" name="event-registration" />

	<entity name="Event">
		<string name="reference" required="true" namecolumn="true" title="Reference" />
		<datetime name="startDate" title="Start Date" />
		<datetime name="endDate" title="End Date" />
		<many-to-one name="address" ref="com.axelor.event.registration.db.Address" title="Venue" />
		<date name="regOpenDate" title="Registration Open" />
		<date name="regCloseDate" title="Registration Close" />
		<integer name="capacity" title="Capacity" />
		<decimal name="eventFees" min="0" title="Event fees" />
		<string name="description" title="Description" />
		<one-to-many name="discountList" title="Discounts" ref="com.axelor.event.registration.db.Discount"/>
		<one-to-many name="eventRegistrationList" title="Event Registrations" ref="com.axelor.event.registration.db.EventRegistration"/>
		<integer name="totalEntry" title="Total Entry" readonly="true" />
		<decimal name="amountCollected" title="Amount Collected" readonly="true" />
		<decimal name="totalDiscount" title="Total Discount" readonly="true" />
	</entity>
</domain-models>